method,label_fraction,n_labelled,accuracy_mean,accuracy_std,precision_macro_mean,recall_macro_mean,f1_macro_mean,f1_macro_std
SSL + mlp,0.01,32,0.7369413031771676,0.03665777582147016,0.7364705398732753,0.7359909188034187,0.6885851740586627,0.05561497547978961
SSL + svm_rbf,0.01,32,0.7355950457727518,0.030526516520840218,0.7160502505122421,0.7335871571729958,0.6981539176895452,0.04857456472283297
SSL Fine-tuned,0.01,32,0.7891760904684976,0.013141017061833524,0.7708172874859153,0.7960937499999999,0.751424363047509,0.021539155122898536
Supervised CNN (baseline),0.01,32,0.8395261173936457,0.025323957040446956,0.8393059509119251,0.8447916666666667,0.8127418600218292,0.027256754740689844
SSL + mlp,0.05,128,0.7886375875067313,0.011804151974573502,0.7560106211667637,0.7955729166666666,0.7592653570745652,0.0175411397778947
SSL + svm_rbf,0.05,128,0.7460958535271943,0.021687701201510288,0.7746698901968093,0.7544270833333333,0.7234236394058167,0.025065666246657365
SSL Fine-tuned,0.05,128,0.8594507269789985,0.010469694181595917,0.8492039583049,0.8640625000000001,0.8399444479795672,0.00972097970431102
Supervised CNN (baseline),0.05,128,0.8712977921378569,0.00858232495988652,0.8426585522740218,0.8755208333333334,0.8426055827609948,0.017746327085713484
SSL + mlp,0.1,256,0.7875605815831986,0.013467957997199572,0.7867098021631381,0.79453125,0.7696517990833597,0.018774591354701213
SSL + svm_rbf,0.1,256,0.7859450726978997,0.02162409585919364,0.8032627866254364,0.79296875,0.7778514558090871,0.024837284800231577
SSL Fine-tuned,0.1,256,0.8734518039849218,0.003253378021969432,0.846399220456468,0.8776041666666666,0.8458959930118611,0.008762490206398767
Supervised CNN (baseline),0.1,256,0.8815293484114163,0.0026654536716779007,0.8681968228173345,0.8854166666666666,0.8656854134713572,0.007067248334038459
SSL + mlp,0.2,512,0.7697899838449112,0.013174076276494388,0.7557977702348365,0.77734375,0.7447964878456418,0.015113659267154883
SSL + svm_rbf,0.2,512,0.7463651050080774,0.014865022877589954,0.7829814384018065,0.7546874999999998,0.7334503303826286,0.020551716777522926
SSL Fine-tuned,0.2,512,0.8742595584275713,0.002745837110173791,0.8336537058140733,0.8783854166666666,0.8496831969505675,0.003943384961151208
Supervised CNN (baseline),0.2,512,0.8877221324717285,0.016114650519596128,0.8848575128730399,0.8914062500000001,0.8698837549916124,0.025999550354829832
